model,accuracy score,balanced accuracy score,weighted precision,weighted recall,weighted f1 score,macro f1 score,num_features
random_forest_w2v_features_40_n_estimators=150_max_depth=None,0.875,0.4586444685024798,0.9051881720430108,0.875,0.8737270367412141,0.4271966440995993,40
random_forest_w2v_features_99_n_estimators=150_max_depth=None,0.89625,0.486632754089866,0.9099893582733174,0.89625,0.8885988502243504,0.4947998122562248,99
random_forest_w2v_features_197_n_estimators=150_max_depth=None,0.89875,0.5452638056110741,0.9078311329897882,0.89875,0.8896271446438345,0.5592688675309452,197
random_forest_w2v_features_349_n_estimators=150_max_depth=None,0.89875,0.5500146892812199,0.90501395173454,0.89875,0.8863457803185406,0.5545695557196768,349
random_forest_w2v_features_349_n_estimators=150_max_depth=None,0.89625,0.5463446822488711,0.9043096113090138,0.89625,0.8843232930689505,0.5504808832156843,349
