model,accuracy score,balanced accuracy score,weighted precision,weighted recall,weighted f1 score,macro f1 score,num_features
random_forest_40_features_n_estimators=150_max_depth=None,0.8725,0.4479380644385224,0.9005761695906433,0.8725,0.8686163549944778,0.416268614288354,40
random_forest_100_features_n_estimators=150_max_depth=None,0.94375,0.6798899113553927,0.9459449567690325,0.94375,0.94348507467615,0.6566357978829375,100
random_forest_200_features_n_estimators=150_max_depth=None,0.9525,0.9363317973203048,0.962708372431222,0.9525,0.9547672503152004,0.8693084727460967,200
random_forest_500_features_n_estimators=150_max_depth=None,0.95625,0.9059648891479752,0.96576946491009,0.95625,0.9587151835093012,0.852397037874979,500
random_forest_748_features_n_estimators=150_max_depth=None,0.96,0.904151861721815,0.966541434178173,0.96,0.9616130064465979,0.8617750928122445,748
