model,accuracy score,balanced accuracy score,weighted precision,weighted recall,weighted f1 score,macro f1 score,num_features
random_forest_40_features_n_estimators=150_max_depth=None,0.592936282548698,0.5933654855615751,0.6135105061475138,0.592936282548698,0.5741258361810997,0.574307493587793,40
random_forest_100_features_n_estimators=150_max_depth=None,0.6036158553657853,0.604039962409251,0.625842737020216,0.6036158553657853,0.5857550111553019,0.5859295805410311,100
random_forest_200_features_n_estimators=150_max_depth=None,0.6194952201911923,0.6199175166555368,0.6447799006721296,0.6194952201911923,0.6025081803865058,0.6026749443961379,200
random_forest_500_features_n_estimators=150_max_depth=None,0.6548538058477661,0.6552713538205263,0.6865728955753388,0.6548538058477661,0.6398163231894587,0.6399656730659092,500
random_forest_1000_features_n_estimators=150_max_depth=None,0.6612935482580696,0.6616992919257003,0.6921356706544599,0.6612935482580696,0.6473960374984795,0.6475380761856016,1000
